[
  {
    "year": 2020,
    "school": "School of Business & Accountancy",
    "course_name": "Diploma in Accountancy",
    "course_code": "N51",
    "elr2b2_type": "ELR2B2-B",
    "elr2b2": "3 to 10",
    "planned_intake": 140,
    "course_description": "You get to study modules on financial, cost & managerial accounting, auditing, taxation; learn accounting software and get hands-on learning experience through a six-month internship programme.",
    "reference": "https://www.np.edu.sg/ba/Pages/acc.aspx"
  },
  {
    "year": 2020,
    "school": "School of Business & Accountancy",
    "course_name": "Diploma in Banking & Finance",
    "course_code": "N53",
    "elr2b2_type": "ELR2B2-B",
    "elr2b2": "4 to 10",
    "planned_intake": 75,
    "course_description": "The course equips students with foundation modules like Financial Markets and Services, Corporate Finance, Credit Management, Finance of International Trade,  Financial Planning, Consumer Banking, Investments, Treasury, Marketing of Financial Services, Risk Management, Settlements and Operations Management and Wealth Management, Business Law and Financial Analytics.",
    "reference": "https://www.np.edu.sg/ba/Pages/bf.aspx"
  },
  {
    "year": 2020,
    "school": "School of Business & Accountancy",
    "course_name": "Diploma in Business Studies",
    "course_code": "N45",
    "elr2b2_type": "ELR2B2-B",
    "elr2b2": "3 to 9",
    "planned_intake": 150,
    "course_description": "The course enables students to acquire foundational skills in key functional areas of business management in the first three semesters of study.  From the fourth semester, students can choose to specialize in Entrepreneurship, Human Capital Management or Marketing.  During their specialization, students will have opportunity to manage industry-based projects and embark on a 6-month local or overseas internship programme for authentic workplace learning.",
    "reference": "https://www.np.edu.sg/ba/Pages/bs.aspx"
  },
  {
    "year": 2020,
    "school": "School of Business & Accountancy",
    "course_name": "Common Business Programme",
    "course_code": "N97",
    "elr2b2_type": "ELR2B2-B",
    "elr2b2": "6 to 11",
    "planned_intake": 225,
    "course_description": "CBP lays a strong foundation in these key business domains: accounting and finance,  business communications, business  statistics, business law, macroeconomics and microeconomics, information design in business, decision support applications, management and organisation and international and business environment.",
    "reference": "https://www.np.edu.sg/ba/Pages/cbp.aspx"
  },
  {
    "year": 2020,
    "school": "School of Business & Accountancy",
    "course_name": "Diploma in International Trade & Business",
    "course_code": "N85",
    "elr2b2_type": "ELR2B2-B",
    "elr2b2": "6 to 11",
    "planned_intake": 75,
    "course_description": "The Diploma in International Trade & Business (N85) provides foundational business in the first year, including economics and international business environment.  The second year will see a scaffolding of more detailed coverage in international trade and supply chain management; and in the application of disruptive technologies in these areas. The third year further strengthens and enhances the students knowledge and culminates in an industry-relevant capstone project and a six-month internship.",
    "reference": "https://www.np.edu.sg/ba/Pages/itb.aspx"
  },
  {
    "year": 2020,
    "school": "School of Business & Accountancy",
    "course_name": "Diploma in Tourism & Resort Management",
    "course_code": "N72",
    "elr2b2_type": "ELR2B2-B",
    "elr2b2": "4 to 12",
    "planned_intake": 75,
    "course_description": "As a TRM student, you will get acquainted with skills and knowledge which are in demand in the tourism industry, such as tourism analytics, digital marketing and service experience management. The course also provides a strong business foundation with a global and entrepreneurial focus. To complete your learning journey in TRM, students work on mini-consultancy projects with industry partners, for an authentic understanding of the tourism industry.",
    "reference": "https://www.np.edu.sg/ba/Pages/trm.aspx"
  },
  {
    "year": 2020,
    "school": "School of Design & Environment",
    "course_name": "Diploma in Design",
    "course_code": "N12",
    "elr2b2_type": "ELR2B2-D",
    "elr2b2": "8 to 15",
    "planned_intake": 75,
    "course_description": "You will be exposed to the broadest design diploma in the polytechnics. Having a choice to specialize in either Architecture or Product Innovation means you can develop innovative and critical design solutions for buildings and spaces OR products and experiences.",
    "reference": "https://www.np.edu.sg/de/Pages/des.aspx"
  },
  {
    "year": 2020,
    "school": "School of Design & Environment",
    "course_name": "Diploma in Hotel & Leisure Facilities Management",
    "course_code": "N40",
    "elr2b2_type": "ELR2B2-C",
    "elr2b2": "6 to 13",
    "planned_intake": 100,
    "course_description": "You will learn to operate and manage modern facilities such as 'green' hotels, commercial complexes and shopping malls that use green building technology, building automation and performance simulation. You will also learn hospitality skills to support the front office and back-of-the-house operations. Supported by site visits and experiential learning activities, you will take learning out of the classroom and into the real world. These activities also develop your skills in management and service delivery. After getting a good foundation, you can go on a six-month internship or dual internship during your final year. HLFM graduates will also be awarded a Fire Safety Manager Certificate that allows them to be registered as Qualified Fire Safety Managers which usually command an additional allowance as well as bizSAFE certification.",
    "reference": "https://www.np.edu.sg/de/Pages/hlfm.aspx"
  },
  {
    "year": 2020,
    "school": "School of Design & Environment",
    "course_name": "Diploma in Real Estate Business",
    "course_code": "N48",
    "elr2b2_type": "ELR2B2-C",
    "elr2b2": "10 to 14",
    "planned_intake": 75,
    "course_description": "This course will equip you with the necessary skillsets to help property owners, investors and tenants to maximise the use of their properties to achieve the highest possible financial returns. You will also be trained on how to give a value to the property, determine which marketing strategies to employ and establish efficient management to preserve the capital value of residential, commercial and industrial properties.",
    "reference": "https://www.np.edu.sg/de/Pages/reb.aspx"
  },
  {
    "year": 2020,
    "school": "School of Engineering",
    "course_name": "Diploma in Aerospace Engineering",
    "course_code": "N65",
    "elr2b2_type": "ELR2B2-C",
    "elr2b2": "6 to 11",
    "planned_intake": 100,
    "course_description": "The course is aligned to Civil Aviation Authority of Singapore (CAAS) Singapore Airworthiness Requirements Part 66 (SAR-66) and mapped to Singapore Skills Framework (SFw) for Aerospace.",
    "reference": "https://www.np.edu.sg/soe/Pages/aeg.aspx"
  },
  {
    "year": 2020,
    "school": "School of Engineering",
    "course_name": "Diploma in Automation & Mechatronic Systems",
    "course_code": "N50",
    "elr2b2_type": "ELR2B2-C",
    "elr2b2": "8 to 17",
    "planned_intake": 50,
    "course_description": "The course has a broad-based curriculum that combines mechanics, electronics and programming to design and create smart products and systems. Students will be exposed to automation Technology, integration and application of industrial robots in industries.",
    "reference": "https://www.np.edu.sg/soe/Pages/ams.aspx"
  },
  {
    "year": 2020,
    "school": "School of Engineering",
    "course_name": "Diploma in Biomedical Engineering",
    "course_code": "N60",
    "elr2b2_type": "ELR2B2-C",
    "elr2b2": "6 to 10",
    "planned_intake": 50,
    "course_description": "You will learn about the skills and knowledge to bridge the gap between engineering and life sciences. The course not only covers in areas of electrical, electronics and computer engineering but also in foundational life sciences modules such as physiology and cell biology.",
    "reference": "https://www.np.edu.sg/soe/Pages/bme.aspx"
  },
  {
    "year": 2020,
    "school": "School of Engineering",
    "course_name": "Common Engineering Programme",
    "course_code": "N71",
    "elr2b2_type": "ELR2B2-C",
    "elr2b2": "7 to 19",
    "planned_intake": 400,
    "course_description": "The CEP modules include Mechanical Engineering Fundamentals, Electrical Engineering Fundamentals, Engineering Mathematics 1, Programming, Integrated Real-world Project 1, Career & Professional Preparation I, Innovation Made Possible, Engineering Mathematics 2, Analogue Electronics, AC Circuits, Digital Fundamentals, Integrated Real-world Project 2, Engineering & Society, Sports and Wellness, Communication Essentials, Thermofluids, Electrical & Electronic Technology, Materials & Manufacturing Technology.",
    "reference": "https://www.np.edu.sg/soe/Pages/cep.aspx"
  },
  {
    "year": 2020,
    "school": "School of Engineering",
    "course_name": "Diploma in Electrical Engineering",
    "course_code": "N43",
    "elr2b2_type": "ELR2B2-C",
    "elr2b2": "11 to 21",
    "planned_intake": 125,
    "course_description": "The course provides broad-based training in the areas of electricity & power systems, energy management and smart systems and specialised training in either the clean energy or power engineering domain. The clean energy management specialisation prepares graduates for the sustainable energy sector with a strong focus on energy management and clean energy technologies while the power engineering specialisation prepares graduates for exciting careers in diverse sectors such as the power & energy, land transport and marine & offshore as well as offers them a head start to practice licensed electrical work.",
    "reference": "https://www.np.edu.sg/soe/Pages/ee.aspx"
  },
  {
    "year": 2020,
    "school": "School of Engineering",
    "course_name": "Diploma in Electronic & Computer Engineering",
    "course_code": "N44",
    "elr2b2_type": "ELR2B2-C",
    "elr2b2": "5 to 15",
    "planned_intake": 125,
    "course_description": "The course covers important aspects of electronic & computer engineering such as electrical technology, analogue & digital circuit/system design, software programming, communication engineering and basic internetworking.",
    "reference": "https://www.np.edu.sg/soe/Pages/ece.aspx"
  },
  {
    "year": 2020,
    "school": "School of Engineering",
    "course_name": "Diploma in Engineering Science",
    "course_code": "N93",
    "elr2b2_type": "ELR2B2-C",
    "elr2b2": "4 to 11",
    "planned_intake": 40,
    "course_description": "The Diploma in Engineering Science builds a good foundation in science, technology, engineering and mathematics (STEM). It exposes students to R&D early through R&D Immersion in Year 2 and Final-Year Projects in Year 3. Students have opportunities of being attached to local universities and research institutes in R&D Immersion or Final-Year Projects.",
    "reference": "https://www.np.edu.sg/soe/Pages/es.aspx"
  },
  {
    "year": 2020,
    "school": "School of Engineering",
    "course_name": "Diploma in Marine & Offshore Technology",
    "course_code": "N42",
    "elr2b2_type": "ELR2B2-C",
    "elr2b2": "11 to 18",
    "planned_intake": 50,
    "course_description": "Training in naval architecture and offshore technology, designing and building your own ship models, and testing them in Singapore's only towing tank located in our campus. Also frequent study trips to gain industry exposure. You can expect in-depth industry training that will equip you with job-relevant skills and knowledge and stand you in good stead when you join the industry upon graduation!",
    "reference": "https://www.np.edu.sg/soe/Pages/mot.aspx"
  },
  {
    "year": 2020,
    "school": "School of Engineering",
    "course_name": "Diploma in Mechanical Engineering",
    "course_code": "N41",
    "elr2b2_type": "ELR2B2-C",
    "elr2b2": "8 to 18",
    "planned_intake": 125,
    "course_description": "In ME, student will learn the fundamentals of mechanical engineering with a focus on manufacturing, materials and design skills. Subsequently, student will be introduced to core mechanical engineering modules such as Thermodynamics, Fluid Mechanics and Strength of Materials. Student will continue to hone their skills in applied design through modules such as Engineering Design Thinking and Mechanical Design Practice.",
    "reference": "https://www.np.edu.sg/soe/Pages/me.aspx"
  },
  {
    "year": 2020,
    "school": "School of Film & Media Studies",
    "course_name": "Diploma in Film, Sound & Video",
    "course_code": "N82",
    "elr2b2_type": "ELR2B2-D",
    "elr2b2": "4 to 8",
    "planned_intake": 50,
    "course_description": "You get to hone the art and craft of filmmaking in areas like scriptwriting (Storytelling Techniques & Scriptwriting modules), sound (Audio Technology & Sound Design modules), production (Photography, Location Filmmaking, Directing, TV Production, Producing, Documentary Production, Cinematography, Intermediate Filmmaking, Advanced TV Production & Advanced Filmmaking modules) and post-production (Editing and Post Production & Motion Graphics modules). You will also build your theoretical foundation by learning from the masters of cinema in our cinema studies classes (Introduction to Film, Film History & Asian Cinema modules). You will get real world exposure through our internship program and capstone project.",
    "reference": "https://www.np.edu.sg/fms/Pages/fsv.aspx"
  },
  {
    "year": 2020,
    "school": "School of Film & Media Studies",
    "course_name": "Diploma in Mass Communication",
    "course_code": "N67",
    "elr2b2_type": "ELR2B2-A",
    "elr2b2": "3 to 8",
    "planned_intake": 115,
    "course_description": "You will learn about the fundamentals of media writing, digital media, reporting and communications, and pick up skills on radio and video production. Areas of exposure include digital journalism and marketing, content marketing, research and user experience design. You will also be learning the skills of managing a media business, including identifying business opportunities, and understanding applications of data analysis and visualisation. Students will be developing your skills in top-notch purpose-built facilities that include TV and radio studios, and media labs. You will get real world exposure through our internship program and capstone project.",
    "reference": "https://www.np.edu.sg/fms/Pages/mcm.aspx"
  },
  {
    "year": 2020,
    "school": "School of Film & Media Studies",
    "course_name": "Diploma in Media Post-Production",
    "course_code": "N13",
    "elr2b2_type": "ELR2B2-D",
    "elr2b2": "8 to 12",
    "planned_intake": 60,
    "course_description": "You get to hone the art and craft of post-production by experiencing all areas of the field including color correction and editing, creating cutting-edge motion graphics and computer graphics and doing post-production and mixing for audio. You will also get hands-on experience with working on single and multi-camera productions, doing audio recording and engineering as well as learning the art of visual storytelling. On top of that, you will be exposed to emerging areas such as creating immersive experiences through live show projections, AR/VR, dramatic lighting design as well as sound design and live sound engineering. In the third year, you will get real world exposure through our internship program, media entrepreneurship module and capstone project.",
    "reference": "https://www.np.edu.sg/fms/Pages/mpp.aspx"
  },
  {
    "year": 2020,
    "school": "School of Health Sciences",
    "course_name": "Diploma in Nursing",
    "course_code": "N69",
    "elr2b2_type": "ELR2B2-C",
    "elr2b2": "4 to 28",
    "planned_intake": 600,
    "course_description": "The nursing course provides comprehensive training and has 41 weeks of clinical attachment throughout the 3-year course to enable students to put theory into practice.  In addition to core nursing modules, students will also learn about pharmacology, behavioural and life sciences and nursing research.",
    "reference": "https://www.np.edu.sg/hs/Pages/nsg.aspx"
  },
  {
    "year": 2020,
    "school": "School of Health Sciences",
    "course_name": "Diploma in Optometry",
    "course_code": "N83",
    "elr2b2_type": "ELR2B2-C",
    "elr2b2": "4 to 12",
    "planned_intake": 40,
    "course_description": "The optometry student will gain an in depth knowledge of how the human eye functions and acquire the skills to detect abnormal eye conditions. The students will learn how to test the eyesight of patients, as well as fit and prescribe appropriate eye wear such as spectacles and contact lenses.",
    "reference": "https://www.np.edu.sg/hs/Pages/opt.aspx"
  },
  {
    "year": 2020,
    "school": "School of Humanities & Social Sciences",
    "course_name": "Diploma in Arts Business Management",
    "course_code": "N91",
    "elr2b2_type": "ELR2B2-B",
    "elr2b2": "4 to 8",
    "planned_intake": 45,
    "course_description": "You get to study a range of subjects, such as arts management and financial management and gain industry exposure through volunteering, field trips and real world projects.",
    "reference": "https://www.np.edu.sg/hms/Pages/abm.aspx"
  },
  {
    "year": 2020,
    "school": "School of Humanities & Social Sciences",
    "course_name": "Diploma in Chinese Media & Communication",
    "course_code": "N88",
    "elr2b2_type": "ELR2B2-A",
    "elr2b2": "5 to 12",
    "planned_intake": 45,
    "course_description": "You will learn how to produce content, such as video and radio production and writing for the media as well as design collaterals and manage events.",
    "reference": "https://www.np.edu.sg/hms/Pages/cmc.aspx"
  },
  {
    "year": 2020,
    "school": "School of Humanities & Social Sciences",
    "course_name": "Diploma in Chinese Studies",
    "course_code": "N70",
    "elr2b2_type": "ELR2B2-A",
    "elr2b2": "7 to 10",
    "planned_intake": 45,
    "course_description": "You will gain a solid foundation in the Chinese language, culture and history. In Year 2, you can choose from one of three specialisations: Education, Business Chinese or Early Childhood Teaching. You will get to learn about child development, curriculum design, or business communication, translation and cultural heritage tourism, or early childhood education and curriculum planning.",
    "reference": "https://www.np.edu.sg/hms/Pages/chs.aspx"
  },
  {
    "year": 2020,
    "school": "School of Humanities & Social Sciences",
    "course_name": "Diploma in Community Development",
    "course_code": "N11",
    "elr2b2_type": "ELR2B2-A",
    "elr2b2": "4 to 9",
    "planned_intake": 75,
    "course_description": "You will have a more in-depth understanding of the social service sector and its communities, and be equipped with management and entrepreneurship skills so as to create quality, innovative and sustainable solutions to serve and empower communities. You will develop abilities such as managing individual casework, group facilitation, project and volunteer management and marketing strategies.",
    "reference": "https://www.np.edu.sg/hms/Pages/cdt.aspx"
  },
  {
    "year": 2020,
    "school": "School of Humanities & Social Sciences",
    "course_name": "Diploma in Early Childhood Development & Education",
    "course_code": "N96",
    "elr2b2_type": "ELR2B2-A",
    "elr2b2": "3 to 17",
    "planned_intake": 500,
    "course_description": "From the first year of study, you will go on weekly attachments at childcare centres, and you get to build your knowledge with foundational modules such as Child Development and Child Safety, Health & Socio-emotional Well-Being.",
    "reference": "https://www.np.edu.sg/hms/Pages/ecde.aspx"
  },
  {
    "year": 2020,
    "school": "School of Humanities & Social Sciences",
    "course_name": "Diploma in Tamil Studies with Early Education",
    "course_code": "N95",
    "elr2b2_type": "ELR2B2-A",
    "elr2b2": "11 to 22",
    "planned_intake": 30,
    "course_description": "You will be exposed to a range of modules that will equip you with the needed skills and knowledge to work with children. Along with that, you will learn more about the rich Tamil culture while strengthening your abilities to communicate in Tamil effectively.",
    "reference": "https://www.np.edu.sg/hms/Pages/tse.aspx"
  },
  {
    "year": 2020,
    "school": "School of InfoComm Technology",
    "course_name": "Common ICT Programme",
    "course_code": "N98",
    "elr2b2_type": "ELR2B2-C",
    "elr2b2": "5 to 11",
    "planned_intake": 100,
    "course_description": "You will gain an introduction to the field of IT by understanding the roles, practices and career paths of IT professionals. You will also learn the fundamentals of programming and cyber security, as well as an overview of enterprise information systems that use data analytics for decision making.",
    "reference": "https://www.np.edu.sg/ict/Pages/cictp.aspx"
  },
  {
    "year": 2020,
    "school": "School of InfoComm Technology",
    "course_name": "Diploma in Cybersecurity & Digital Forensics",
    "course_code": "N94",
    "elr2b2_type": "ELR2B2-C",
    "elr2b2": "4 to 8",
    "planned_intake": 50,
    "course_description": "You will build a strong foundation in basic IT and security and develop skills in the areas of network security, software security and digital forensics in your second year. You will set up secure web servers, develop secure software applications, investigate cybercrimes, perform penetration tests on software, systems and networks, conducting in-depth forensic investigations on digital devices and networks, and analysing malicious software or malware and work on information security projects in our cutting-edge CSF labs in your final year.",
    "reference": "https://www.np.edu.sg/ict/Pages/csf.aspx"
  },
  {
    "year": 2020,
    "school": "School of InfoComm Technology",
    "course_name": "Diploma in Financial Informatics",
    "course_code": "N81",
    "elr2b2_type": "ELR2B2-C",
    "elr2b2": "4 to 12",
    "planned_intake": 50,
    "course_description": "You will receive a strong foundation of IT knowledge, focusing on coding, databases, computer operating systems and networks as well as Accounting.  You will start building your digital portfolio in your first year, continue your portfolio in your second year and gain real-world experience through an internship in your third year.",
    "reference": "https://www.np.edu.sg/ict/Pages/fi.aspx"
  },
  {
    "year": 2020,
    "school": "School of InfoComm Technology",
    "course_name": "Diploma in Immersive Media",
    "course_code": "N55",
    "elr2b2_type": "ELR2B2-C",
    "elr2b2": "7 to 13",
    "planned_intake": 50,
    "course_description": "You will receive a broad-based training in design and development of immersive  and interactive media content. Buliding a strong foundational training   through modules such as Applied Design, Interactive Development and Programming. You will learn how to create compelling interactive media content and applications with great user-experience .",
    "reference": "https://www.np.edu.sg/ict/Pages/im.aspx"
  },
  {
    "year": 2020,
    "school": "School of InfoComm Technology",
    "course_name": "Diploma in Information Technology",
    "course_code": "N54",
    "elr2b2_type": "ELR2B2-C",
    "elr2b2": "5 to 12",
    "planned_intake": 85,
    "course_description": "You will focus on core computing skills in programming, networking, databases, enterprise information systems but can start investigating IT-related topics and developing your digital portfolio in your first year. In your second and third year, you are free to choose from a myriad of electives that suit your interests and passion. In your final year, you will pursue a six-month local or overseas internship, launch your own IT business ideas at our technology hubs or work on a capstone project which will beef up your digital portfolio.",
    "reference": "https://www.np.edu.sg/ict/Pages/it.aspx"
  },
  {
    "year": 2020,
    "school": "School of Life Sciences & Chemical Technology",
    "course_name": "Diploma in Biomedical Science",
    "course_code": "N59",
    "elr2b2_type": "ELR2B2-C",
    "elr2b2": "3 to 8",
    "planned_intake": 90,
    "course_description": "In year 1, you get to study a range of subjects such as Anatomy & Physiology, Cell Biology & Genetics, Biostatistics, Chemistry and Microbiology whereas in year 2, you are expected to choose one of our two specialisation options which will further build up your knowledge and skills in biomedical sciences. In the final year, students take on Capstone Projects and internships with local or overseas research institutes and healthcare organisations.",
    "reference": "https://www.np.edu.sg/lsct/Pages/bms.aspx"
  },
  {
    "year": 2020,
    "school": "School of Life Sciences & Chemical Technology",
    "course_name": "Diploma in Chemical & Biomolecular Engineering",
    "course_code": "N56",
    "elr2b2_type": "ELR2B2-C",
    "elr2b2": "4 to 11",
    "planned_intake": 80,
    "course_description": "You get to study a broad range of modules covering chemical processing, biopharmaceutical technology, environment science, engineering and life sciences.",
    "reference": "https://www.np.edu.sg/lsct/Pages/cbe.aspx"
  },
  {
    "year": 2020,
    "school": "School of Life Sciences & Chemical Technology",
    "course_name": "Diploma in Environmental & Water Technology",
    "course_code": "N74",
    "elr2b2_type": "ELR2B2-C",
    "elr2b2": "10 to 14",
    "planned_intake": 45,
    "course_description": "You get to learn about sustainable technologies and solutions for management and mitigation of environmental issues. You will also acquire the skills and knowledge on management and communication of environmental and workplace safety & health issues.",
    "reference": "https://www.np.edu.sg/lsct/Pages/ewt.aspx"
  },
  {
    "year": 2020,
    "school": "School of Life Sciences & Chemical Technology",
    "course_name": "Diploma in Landscape Design & Horticulture",
    "course_code": "N57",
    "elr2b2_type": "ELR2B2-D",
    "elr2b2": "7 to 15",
    "planned_intake": 45,
    "course_description": "You will develop skills in landscape design, project management and park management. You will study various subjects including plant anatomy, biochemistry, plant pathology, and propagation of plants.",
    "reference": "https://www.np.edu.sg/lsct/Pages/ldh.aspx"
  },
  {
    "year": 2020,
    "school": "School of Life Sciences & Chemical Technology",
    "course_name": "Diploma in Pharmaceutical Science",
    "course_code": "N73",
    "elr2b2_type": "ELR2B2-C",
    "elr2b2": "3 to 9",
    "planned_intake": 45,
    "course_description": "You will be equipped with the skills and knowledge in pharmaceutical sciences, including drug manufacturing and pharmacology. The course's broad-based training includes an internship and the unique Pharmacy Training Programme, designed to engage you in learning directly from working professionals.",
    "reference": "https://www.np.edu.sg/lsct/Pages/pharm.aspx"
  }
]